Gender,Height
Male,66.75521912
Male,69.74866358
Male,70.71040603
Male,71.88350042
Male,70.95044123
Male,70.15639974
Male,67.87176723
Male,68.69746059
Male,67.0328297
Male,67.97996252
Male,67.44841735
Male,67.36755359
Male,65.38962908
Male,75.57944434
Male,71.72349062
Male,74.30888695
Male,69.38134598
Male,68.56085411
Male,66.73363406
Male,67.67682185
Male,69.60482757
Male,67.90243707
Male,70.74308255
Male,61.0744871
Male,69.52555131
Male,68.6739597
Male,64.72625594
Male,70.68624745
Male,63.72025952
Male,67.35659794
Male,75.05966865
Male,71.46413025
Male,72.54132659
Male,70.25426107
Male,66.06711526
Male,70.58468352
Male,72.93864904
Male,66.10890245
Male,65.34676791
Male,67.89020885
Male,68.63079652
Male,67.49727036
Male,63.99289908
Male,68.395164
Male,62.75287752
Male,67.49285386
Male,68.42939694
Male,73.27818363
Male,63.45649398
Male,67.95301626
Male,73.18794911
Male,65.37336656
Male,75.34158414
Male,67.9863736
Male,65.71360843
Male,68.12276836
Male,72.38449341
Male,75.85011222
Male,63.97866126
Male,77.16080089
Male,68.37453089
Male,69.57852542
Male,72.03192392
Male,68.46138309
Male,70.20188967
Male,70.97649076
Male,71.40971655
Male,70.39987429
Male,70.1969204
Male,63.0124453
Male,69.77015095
Male,63.00004749
Male,70.89117344
Male,73.99160419
Male,72.19914286
Male,68.46557156
Male,65.21912499
Male,67.93550704
Male,70.60576101
Male,69.66475174
Male,69.62454975
Male,68.32844799
Male,74.2979207
Male,65.87693778
Male,63.15427226
Male,65.7129823
Male,70.41895734
Male,72.49958356
Male,68.22485977
Male,66.34220885
Male,69.44325517
Male,66.35813705
Male,69.89326863
Male,68.00260444
Male,72.71349076
Male,71.1467055
Male,68.80593452
Male,70.92912508
Male,66.11876309
Male,66.274408
Male,69.16318774
Male,66.66110311
Male,66.01759167
Male,62.34671605
Male,68.84947966
Male,68.38302408
Male,67.68008391
Male,68.01174873
Male,69.85958791
Male,69.27281261
Male,65.81494282
Male,70.75219758
Male,74.97193581
Male,72.95489543
Male,70.18308306
Male,75.98117435
Male,67.17791659
Male,67.80399101
Male,75.694314
Male,69.36005929
Male,66.27613841
Male,68.87439619
Male,67.116259
Male,64.36945333
Male,66.52529411
Male,64.83380413
Male,73.75955023
Male,63.22282474
Male,64.82150387
Male,68.86630221
Male,63.64405958
Male,70.17260936
Male,64.23730294
Male,68.84630982
Male,67.60266255
Male,68.00799418
Male,69.0613821
Male,69.55326838
Male,69.55634233
Male,63.19653037
Male,67.84866523
Male,69.41991234
Male,70.71675037
Male,71.70357731
Male,72.73859251
Male,75.99995705
Male,65.52163299
Male,65.93409034
Male,69.13988022
Male,72.38530097
Male,68.34851551
Male,69.15511404
Male,67.6044185
Male,68.3844491
Male,68.75199052
Male,70.72527874
Male,69.92222458
Male,68.11809783
Male,70.00198015
Male,70.9497701
Male,69.89355833
Male,74.66919682
Male,68.08804896
Male,72.36335432
Male,66.46704142
Male,70.18570099
Male,69.15310229
Male,69.98313746
Male,66.70160499
Male,63.5771769
Male,69.2253203
Male,69.3517876
Male,67.22671859
Male,68.91425443
Male,73.20534236
Male,68.26273943
Male,71.39730891
Male,66.14586787
Male,68.24080155
Male,68.27778676
Male,67.8170758
Male,70.3476017
Male,70.02011248
Male,72.0372678
Male,67.89477655
Male,64.54897202
Male,67.28559807
Male,72.67399365
Male,70.68894333
Male,68.84063351
Male,64.73733872
Male,69.22708106
Male,70.02684189
Male,69.68991347
Male,65.93248176
Male,66.80502561
Male,72.50075663
Male,66.99116742
Male,71.05751089
Male,64.27649307
Male,63.15013091
Male,70.17695539
Male,71.62028583
Male,70.06209615
Male,69.9554512
Male,69.01973611
Male,67.44504068
Male,73.826127
Male,73.91290838
Male,67.25284104
Male,69.61845195
Male,68.65021796
Male,67.99189545
Male,71.19296145
Male,66.88824948
Male,76.84267883
Male,71.84330842
Male,69.78150595
Male,70.92014453
Male,72.57112137
Male,65.63599729
Male,67.94278509
Male,67.54359718
Male,68.2465686
Male,72.30926487
Male,69.67481848
Male,71.35220123
Male,66.9168323
Male,71.85748745
Male,65.45395717
Male,64.48539029
Male,71.48344023
Male,65.43505946
Male,68.02018827
Male,66.7379274
Male,60.26719012
Male,67.04611688
Male,71.41846589
Male,69.08270299
Male,65.93692307
Male,73.98590142
Male,67.92331063
Male,65.24163708
Male,71.29965637
Male,69.02190109
Male,69.53721501
Male,70.41969377
Male,71.76976166
Male,69.1344005
Male,70.04064053
Male,68.5689594
Male,68.6087581
Male,68.86875033
Male,72.17355644
Male,66.06513673
Male,64.0683621
Male,73.96294107
Male,73.56929781
Male,64.87444269
Male,65.92474109
Male,68.38842703
Male,72.92397009
Male,71.08906207
Male,69.63316169
Male,67.90334035
Male,71.69276566
Male,71.47086108
Male,66.93862649
Male,70.88161959
Male,59.98186507
Male,67.51032152
Male,68.53790185
Male,68.26791853
Male,70.81199997
Male,75.42368656
Male,65.47722474
Male,69.28503609
Male,68.43081339
Male,67.83959025
Male,67.2019629
Male,69.83655165
Male,69.25071385
Male,67.9059323
Male,71.5428329
Male,70.95200887
Male,70.22164729
Male,65.34370557
Male,71.22362744
Male,72.61046888
Male,68.14059036
Male,67.66159283
Male,68.76890241
Male,67.38418062
Male,65.05530355
Male,72.28040043
Male,69.89540376
Male,70.15196588
Male,70.69801207
Male,72.14053012
Male,73.03840861
Male,71.21391257
Male,71.79202206
Male,75.00994433
Male,71.63882142
Male,68.32791586
Male,70.40231926
Male,70.45162427
Male,67.56814301
Male,69.00216528
Male,65.56280415
Male,65.72603205
Male,64.124767
Male,68.78190405
Male,66.72807365
Male,66.1180621
Male,66.0745536
Male,65.32733671
Male,68.41486506
Male,69.99335377
Male,70.40092889
Male,70.46201292
Male,69.00825946
Male,68.04105455
Male,68.36301257
Male,65.90450664
Male,69.10691697
Male,70.3524998
Male,60.74811787
Male,71.96959796
Male,68.05540022
Male,67.53354038
Male,67.77700873
Male,69.59482623
Male,70.09493507
Male,65.53069597
Male,70.05125469
Male,66.90883737
Male,66.66880027
Male,69.26982929
Male,75.99336033
Male,67.09121866
Male,65.27034552
Male,67.06002082
Male,74.40065811
Male,69.97430087
Male,70.69878995
Male,65.83165439
Male,62.94868151
Male,73.54118433
Male,68.005429
Male,71.05995586
Male,70.76876216
Male,71.6753934
Male,70.28027169
Male,69.51564045
Male,71.33782073
Male,65.20348068
Male,71.10424776
Male,71.27332641
Male,70.36539263
Male,71.52684881
Male,67.43522768
Male,72.86667291
Male,69.93619073
Male,65.14868762
Male,69.57833002
Male,64.71762461
Male,70.26935973
Male,73.50183962
Male,68.56137117
Male,73.89993869
Male,72.2751825
Male,70.85919069
Male,70.33021348
Male,66.28724429
Male,69.66372523
Male,67.90470093
Male,71.22176347
Male,71.53605608
Male,69.60588259
Male,68.5233453
Male,71.62967826
Male,67.41021397
Male,67.17137404
Male,68.50305566
Male,69.89381359
Male,70.01336535
Male,68.66214422
Male,72.4896554
Male,74.52945456
Male,66.78580356
Male,68.29264664
Male,69.74148135
Male,65.05658853
Male,72.03894449
Male,68.88636675
Male,70.9931439
Male,66.12013432
Male,68.71141787
Male,70.64280292
Male,64.44838768
Male,69.97639739
Male,67.40595053
Male,69.7288049
Male,64.7742374
Male,74.244124
Male,63.95395839
Male,70.43473903
Male,68.12899058
Male,67.36349029
Male,70.34775527
Male,72.26832264
Male,71.31843409
Male,67.17597236
Male,68.62993068
Male,71.05336754
Male,68.2807476
Male,70.10316438
Male,70.09134432
Male,70.35969056
Male,64.98045629
Male,65.60017843
Male,69.38099479
Male,72.19290998
Male,66.70567332
Male,69.29491215
Male,63.74472687
Male,66.98353564
Male,72.12278473
Male,74.6976372
Male,70.8468214
Male,68.3464565
Male,66.07113961
Male,69.30840288
Male,73.79893605
Male,68.9039419
Male,71.87871688
Male,69.64190618
Male,68.78953939
Male,69.08244535
Male,68.09887366
Male,70.31600971
Male,64.80354222
Male,74.14110828
Male,68.59056272
Male,70.35503312
Male,71.22570192
Male,68.03473112
Male,67.22744505
Male,67.1351749
Male,67.45120933
Male,67.775743
Male,66.89699151
Male,66.63711391
Male,61.61112054
Male,72.50441019
Male,71.15940048
Male,71.08008356
Male,69.01333502
Male,67.37851835
Male,71.22182822
Male,71.41518725
Male,69.41120544
Male,68.10600207
Male,71.60824883
Male,69.44242118
Male,66.63469083
Male,64.9485459
Male,70.42760261
Male,68.56837467
Male,63.63948265
Male,73.92142853
Male,65.3577593
Male,74.04328976
Male,70.51323065
Male,69.30812678
Male,67.90755891
Male,65.6408449
Male,68.9146226
Male,67.90151493
Male,70.38920071
Male,69.34236641
Male,68.91623396
Male,66.22909563
Male,71.93849595
Male,70.78562782
Male,62.20278895
Male,69.26275904
Male,73.45918414
Male,68.24446179
Male,70.18535205
Male,68.96436673
Male,69.20709959
Male,67.79621437
Male,69.38466094
Male,68.98171886
Male,70.41808724
Male,67.27264528
Male,69.32711818
Male,70.13526573
Male,69.08057727
Male,67.11570303
Male,64.7552066
Male,67.95292159
Male,68.58655387
Male,67.99745599
Male,70.54598058
Male,70.3362271
Male,69.07449203
Male,71.67805468
Male,65.97564683
Male,71.89066467
Male,72.21503491
Male,71.46918497
Male,67.53060627
Male,69.67261869
Male,74.76744684
Male,69.9221434
Male,70.3753442
Male,70.83911627
Male,71.35947191
Male,66.49982259
Male,63.36976449
Male,67.41204603
Male,70.37860781
Male,69.11988779
Male,67.1367592
Male,64.57971744
Male,68.89307224
Male,72.87320321
Male,69.57823897
Male,67.53830877
Male,69.75510695
Male,73.56863634
Male,64.6264021
Male,66.75412981
Male,69.40999469
Male,70.92954765
Male,66.26282004
Male,69.24373223
Male,67.95604898
Male,70.66886319
Male,70.72429207
Male,72.20120368
Male,65.8952151
Male,66.69311562
Male,67.72763125
Male,69.61140326
Male,67.4142774
Male,66.63511494
Male,61.46101309
Male,67.41486082
Male,71.36889076
Male,70.77216453
Male,70.94683597
Male,71.4586641
Male,67.69712341
Male,72.38609816
Male,67.07165992
Male,68.90271401
Male,69.96821619
Male,70.10899043
Male,66.00806744
Male,71.05255895
Male,73.64003901
Male,69.03106285
Male,69.56676714
Male,67.67514787
Male,66.31457674
Male,67.29077553
Male,70.47650533
Male,69.21820494
Male,69.45425047
Male,62.58697166
Male,70.17117561
Male,68.26658679
Male,69.01021935
Male,72.3003079
Male,70.53457828
Male,72.69337874
Male,68.27104991
Male,67.68753064
Male,67.49526034
Male,67.67598854
Male,66.65652059
Male,68.1440328
Male,70.67837617
Male,73.50736001
Male,72.9909156
Male,67.65252997
Male,67.52488915
Male,65.62500563
Male,71.52842429
Male,71.17416258
Male,71.79438488
Male,68.76377136
Male,67.85653908
Male,61.76450938
Male,68.08592074
Male,67.79858033
Male,72.44289921
Male,70.0240514
Male,69.92624123
Male,67.03041506
Male,68.35616535
Male,72.33347601
Male,68.78922714
Male,69.90942164
Male,70.32711641
Male,71.05324896
Male,65.22037867
Male,69.89303775
Male,65.8889514
Male,69.3292134
Male,68.90949129
Male,71.67843022
Male,72.77160282
Male,70.53356477
Male,71.19538228
Male,69.28213781
Male,68.84021056
Male,68.9505703
Male,71.28884387
Male,67.58074728
Male,65.22082048
Male,73.28391797
Male,70.55680387
Male,70.42118366
Male,68.61863098
Male,68.00008113
Male,68.69037325
Male,67.17889159
Male,66.29944081
Male,66.28230172
Male,68.36201272
Male,71.86062465
Male,66.81625534
Male,65.42698287
Male,74.70961248
Male,68.57813131
Male,66.37841132
Male,64.18148293
Male,69.99746382
Male,65.10205207
Male,71.30122283
Male,66.80278237
Male,65.49899512
Male,68.43411936
Male,67.89319634
Male,64.78258298
Male,69.16895606
Male,71.59478298
Male,67.70487821
Male,68.91521166
Male,73.29535059
Male,69.90708058
Male,63.86501825
Male,72.79321973
Male,71.33392078
Male,67.12034439
Male,68.17396371
Male,63.67128785
Male,72.41697292
Male,74.00796268
Male,73.81524583
Male,66.51004277
Male,66.40478217
Male,71.52691556
Male,69.1801611
Male,68.15546647
Male,74.51787603
Male,65.20452194
Male,76.26866786
Male,65.8406383
Male,72.20379376
Male,65.18612139
Male,68.28704173
Male,70.10664086
Male,65.18847756
Male,64.4645503
Male,69.44230008
Male,69.07774056
Male,64.93134219
Male,68.39971912
Male,68.53658272
Male,68.11567166
Male,69.59877695
Male,68.52940825
Male,67.53165705
Male,69.31943753
Male,67.19618761
Male,68.10362648
Male,65.65692057
Male,68.97780263
Male,65.83441968
Male,69.76192984
Male,68.76245756
Male,65.74097213
Male,69.20157812
Male,66.79603649
Male,67.11027101
Male,69.35342667
Male,72.74691678
Male,60.26910783
Male,68.54104219
Male,67.34214076
Male,74.38371528
Male,71.19831618
Male,69.39489622
Male,67.25038326
Male,66.16881646
Male,70.65523058
Male,68.77985874
Male,64.09632554
Male,63.40042323
Male,70.32475344
Male,71.5687337
Male,66.9466142
Male,66.48723135
Male,67.03485056
Male,74.01689711
Male,67.4868239
Male,69.05392406
Male,65.49350879
Male,67.8417924
Male,69.93227078
Male,69.11382842
Male,68.1699946
Male,63.85301196
Male,69.37184333
Male,66.71039099
Male,70.67291067
Male,72.34218364
Male,69.41734033
Male,72.93363933
Male,66.68703847
Male,68.2076337
Male,68.31418833
Male,68.64301734
Male,67.03185208
Male,71.96515781
Male,66.68375106
Male,68.5088512
Male,71.75999093
Male,71.56001874
Male,72.87153874
Male,68.32145287
Male,76.70983486
Male,65.36216531
Male,72.09919305
Male,70.15827765
Male,69.19147497
Male,72.29169703
Male,69.60028264
Male,67.72801739
Male,69.76886219
Male,65.84979857
Male,66.5597304
Male,67.88564817
Male,69.76960444
Male,68.51687944
Male,68.07461976
Male,63.52619373
Male,64.84152823
Male,70.48223089
Male,70.99807444
Male,71.00690253
Male,71.99164339
Male,70.35616623
Male,63.17565499
Male,75.69861825
Male,67.99399483
Male,67.29747794
Male,71.31698775
Male,70.46445649
Male,69.11804525
Male,70.43570141
Male,66.18357528
Male,69.98920526
Male,73.53028481
Male,65.6942936
Male,70.11514441
Male,72.92136714
Male,72.55374162
Male,69.21700915
Male,67.50006718
Male,68.58531497
Male,71.60881943
Male,68.46516344
Male,68.53477063
Male,70.99854621
Male,68.93342613
Male,69.03575752
Male,69.2844188
Male,70.92419443
Male,70.96204204
Male,72.53935407
Male,70.67969103
Male,64.99507826
Male,67.57597105
Male,70.31094431
Male,66.01442823
Male,69.37117826
Male,71.67929496
Male,68.1047853
Male,67.91927928
Male,71.64757981
Male,69.46944682
Male,70.97870259
Male,67.12928651
Male,68.58935913
Male,71.32989784
Male,64.45981425
Male,65.84458046
Male,63.09028977
Male,71.77574885
Male,70.02471448
Male,65.33533475
Male,73.19300841
Male,70.56945509
Male,66.58199851
Male,70.69159758
Male,72.21553689
Male,68.6329563
Male,70.41052673
Male,67.68321858
Male,68.55083219
Male,68.17953269
Male,66.05763381
Male,68.89134571
Male,67.44865627
Male,69.96052189
Male,68.93867924
Male,71.91830192
Male,72.33756922
Male,69.42855741
Male,72.356447
Male,63.77036299
Male,66.46344464
Male,70.33271525
Male,69.91563736
Male,68.9744814
Male,69.23705155
Male,68.34236491
Male,68.89701917
Male,69.23076764
Male,70.24286617
Male,63.30996928
Male,67.27161533
Male,70.38808605
Male,67.84136251
Male,74.10455886
Male,65.18470087
Male,71.85545472
Male,70.32469964
Male,69.05456976
Male,72.81103161
Male,66.99688275
Male,71.85034482
Male,69.48924667
Male,67.52289087
Male,67.01894966
Male,66.57798671
Male,74.54513694
Male,70.29135418
Male,68.32437947
Male,67.8676652
Male,67.44822369
Male,66.97666791
Male,70.9014608
Male,68.74134888
Male,69.99428992
Male,66.50289891
Male,63.82897138
Male,73.57529577
Male,71.16944715
Male,69.49152342
Male,66.07669579
Male,72.92187099
Male,67.9644694
Male,72.11864675
Male,68.67903487
Male,70.09723765
Male,67.80360374
Male,69.07870673
Male,69.71017624
Male,66.57823462
Male,70.47367765
Male,72.31817209
Male,69.93271019
Male,67.14452992
Male,67.89040521
Male,70.02605946
Male,64.06295219
Male,72.06275498
Male,69.7297502
Male,69.22967912
Male,72.77187483
Male,67.24606495
Male,69.77787507
Male,70.03506834
Male,69.02297414
Male,68.52573366
Male,69.96281114
Male,63.70136456
Male,64.09161305
Male,69.2830701
Male,68.48707761
Male,69.78353199
Male,72.37867503
Male,69.14577478
Male,67.564457
Male,67.94562981
Male,72.7266202
Male,73.12239315
Male,70.85695017
Male,70.22492333
Male,68.54172854
Male,67.25589414
Male,69.92970576
Male,67.12613559
Male,68.1679352
Male,68.03290834
Male,71.36636548
Male,65.75248564
Male,70.81389001
Male,69.63452662
Male,72.09385998
Male,70.14338611
Male,71.56525646
Male,68.61738735
Male,69.16398887
Male,73.5135949
Male,68.99960756
Male,69.11765738
Male,68.61948497
Male,71.3057143
Male,69.50932394
Male,74.40818786
Male,67.40540788
Male,70.10478626
Male,69.5533849
Male,66.40871891
Male,64.72961551
Male,70.72250534
Male,67.35327101
Male,71.42714388
Male,73.18107491
Male,71.72061161
Male,74.27201865
Male,70.4036733
Male,69.14689434
Male,68.08790389
Male,71.16501786
Male,71.7023601
Male,65.71817875
Male,70.96758546
Male,63.61501878
Male,67.97335037
Male,68.58137352
Male,69.82844926
Male,69.49493766
Male,65.8693715
Male,69.67418277
Male,69.35610868
Male,64.96634668
Male,71.85984886
Male,66.53083504
Male,70.4320483
Male,71.42394644
Male,70.80155896
Male,71.8139753
Male,70.45158502
Male,70.3439986
Male,66.620926
Male,74.11230421
Male,68.17906606
Male,71.69388059
Male,63.76404949
Male,74.82494531
Male,68.50818615
Male,71.09295626
Male,68.82198029
Male,68.39540025
Male,66.90121174
Male,73.11969322
Male,69.63396978
Male,64.04262473
Male,71.75147642
Male,73.22307094
Male,68.48187536
Male,69.98189155
Male,68.17049466
Male,69.84381304
Male,61.13647544
Male,66.90026045
Male,74.9917528
Male,70.7152956
Male,71.74227623
Male,62.6199652
Female,69.0997049
Female,64.00783813
Female,64.21512502
Female,61.68554306
Female,69.21120218
Female,63.32285136
Female,63.73462319
Female,62.80749282
Female,61.21434885
Female,62.06411818
Female,65.0021318
Female,61.01798835
Female,64.49394276
Female,64.11091536
Female,66.41090779
Female,66.24501806
Female,59.62371448
Female,63.50082576
Female,63.43683136
Female,68.90089946
Female,66.77415209
Female,65.36746816
Female,61.14372256
Female,64.94853593
Female,61.26997168
Female,68.29162452
Female,57.96193618
Female,67.43871685
Female,65.81717356
Female,67.72459211
Female,63.37101299
Female,67.72085558
Female,63.70466395
Female,60.5520165
Female,65.60316823
Female,67.38247488
Female,59.14124671
Female,64.81942365
Female,61.50463382
Female,63.88307234
Female,68.29771854
Female,57.78323162
Female,63.50479854
Female,66.47084598
Female,61.33258128
Female,65.858067
Female,59.22304441
Female,64.74579099
Female,62.53480578
Female,64.0512364
Female,62.64421696
Female,62.68135251
Female,62.24287603
Female,62.0602449
Female,68.99974586
Female,69.37384373
Female,64.14195968
Female,65.69745736
Female,63.36831078
Female,64.20538451
Female,65.2524051
Female,64.18605215
Female,62.64351709
Female,65.49901085
Female,63.20434226
Female,63.80148415
Female,67.426016
Female,62.37965119
Female,64.41115226
Female,61.01946656
Female,62.44042695
Female,63.15074549
Female,65.43169834
Female,65.10780701
Female,67.04924432
Female,58.03741798
Female,61.8712412
Female,66.26522265
Female,62.12748011
Female,63.95162163
Female,62.31548855
Female,61.73509022
Female,60.95866612
Female,65.06591432
Female,66.15762817
Female,63.47689571
Female,63.4374944
Female,63.73283061
Female,68.41437934
Female,62.44846964
Female,66.50465323
Female,66.39159571
Female,66.72763191
Female,64.52975497
Female,62.900484
Female,65.07796828
Female,60.70959173
Female,63.96153518
Female,63.80329944
Female,65.28925911
Female,61.0782176
Female,64.55303734
Female,67.40852785
Female,66.69239018
Female,65.58602868
Female,60.77915797
Female,60.98921654
Female,63.99529809
Female,65.75594816
Female,63.89318789
Female,60.35043688
Female,65.48867132
Female,69.11143665
Female,61.72792858
Female,61.73903741
Female,60.14332195
Female,65.25100177
Female,63.52057456
Female,61.62105661
Female,57.80076874
Female,59.41674322
Female,67.53779843
Female,63.15852253
Female,61.85100382
Female,62.73483929
Female,60.6019752
Female,67.1322639
Female,68.26421231
Female,65.01785721
Female,66.25724652
Female,67.76090957
Female,65.25368855
Female,61.50918854
Female,62.5541763
Female,68.00680397
Female,66.71458512
Female,67.45028339
Female,65.16420169
Female,63.68308288
Female,61.36804541
Female,65.7814558
Female,63.10952829
Female,62.60225846
Female,63.802595
Female,62.81173389
Female,65.67901099
Female,63.11914595
Female,62.84232417
Female,61.87324262
Female,62.67015682
Female,65.56472076
Female,63.88751514
Female,66.29150543
Female,61.509529
Female,62.93504795
Female,62.38950263
Female,64.58020712
Female,64.173306
Female,62.88244447
Female,62.39620678
Female,61.70712143
Female,66.32414134
Female,59.75844451
Female,62.09875715
Female,60.32048442
Female,61.57977657
Female,68.93765507
Female,67.46060493
Female,61.45527924
Female,67.96301617
Female,64.95111283
Female,64.45318986
Female,60.47408833
Female,64.92023919
Female,65.53251023
Female,64.32354378
Female,67.8187472
Female,63.25509367
Female,61.84496574
Female,57.20794645
Female,65.95969117
Female,64.88574823
Female,66.2040392
Female,60.38028449
Female,63.09309401
Female,66.33938511
Female,60.7710585
Female,63.44353073
Female,64.45067258
Female,67.53541474
Female,63.95879516
Female,62.24630399
Female,67.25953193
Female,67.9480827
Female,65.23222752
Female,60.63022564
Female,60.49619323
Female,67.92276346
Female,62.29382852
Female,61.45864498
Female,59.83771201
Female,62.75595876
Female,64.43393476
Female,66.80247106
Female,62.03126468
Female,63.3828015
Female,69.16935273
Female,65.23813844
Female,62.64307511
Female,65.23632185
Female,68.31711986
Female,60.61581126
Female,62.54391729
Female,59.97896224
Female,63.99361669
Female,63.79995888
Female,66.1685183
Female,66.25192308
Female,64.21729169
Female,64.58685574
Female,62.7190871
Female,62.24708076
Female,63.94708911
Female,63.21793355
Female,62.68792804
Female,63.8583242
Female,66.11710005
Female,65.81612281
Female,59.33956805
Female,64.24834298
Female,58.65717685
Female,67.38628519
Female,64.55639843
Female,60.12416703
Female,60.80979868
Female,63.85308829
Female,60.15003071
Female,60.92634833
Female,63.33799181
Female,67.0699084
Female,59.73527867
Female,60.6892003
Female,64.32849119
Female,64.67687892
Female,62.16490439
Female,65.76964217
Female,66.08539968
Female,67.22014722
Female,58.03217317
Female,61.42620543
Female,65.04840738
Female,64.32230325
Female,68.16926789
Female,63.9734479
Female,59.6170282
Female,63.53546936
Female,61.10363728
Female,68.0593086
Female,58.26096505
Female,62.04403545
Female,64.32570529
Female,63.921176
Female,69.6417708
Female,65.06009534
Female,65.07209186
Female,60.15052242
Female,60.24625719
Female,59.42491211
Female,67.62791945
Female,63.60015169
Female,64.61947424
Female,58.35100304
Female,62.32843398
Female,61.2176125
Female,63.89741994
Female,62.40706413
Female,65.97857729
Female,64.70056981
Female,65.31894566
Female,64.39003342
Female,69.86143098
Female,56.06663635
Female,63.64157009
Female,66.6623826
Female,63.95778512
Female,64.62428946
Female,63.01827413
Female,57.20266004
Female,62.19018942
Female,66.29052033
Female,65.29138395
Female,59.76215649
Female,67.51136202
Female,68.14254539
Female,64.48289484
Female,63.78045054
Female,65.49816904
Female,67.41306357
Female,64.53286278
Female,63.85368367
Female,65.67061729
Female,64.62375871
Female,60.09859133
Female,67.21296416
Female,63.49530291
Female,58.98713894
Female,58.75125363
Female,62.86724423
Female,59.90652786
Female,64.27404454
Female,66.41178938
Female,63.40291648
Female,62.26384004
Female,64.93426963
Female,61.89851085
Female,65.20735945
Female,66.8727416
Female,67.24822361
Female,64.47560158
Female,61.02916079
Female,66.41458399
Female,63.35780516
Female,59.9682045
Female,61.43391285
Female,62.35600321
Female,71.12279252
Female,64.44752096
Female,62.13174991
Female,62.10588417
Female,61.47093776
Female,64.14063297
Female,62.77184716
Female,62.08759453
Female,62.22450202
Female,62.8197521
Female,61.58556096
Female,64.23446984
Female,68.15278305
Female,60.6342463
Female,63.58140655
Female,64.07346612
Female,62.46600981
Female,60.95508426
Female,67.06881366
Female,63.97923307
Female,67.08479245
Female,65.68294496
Female,59.15051143
Female,63.03770494
Female,65.78808384
Female,62.96190985
Female,61.97957941
Female,66.77367475
Female,63.05955669
Female,61.52958346
Female,62.32305778
Female,66.58240912
Female,62.62504912
Female,65.69073515
Female,61.88055794
Female,63.4731386
Female,61.77330539
Female,68.24470989
Female,62.73540861
Female,59.1706875
Female,61.74144776
Female,64.31196107
Female,60.5701988
Female,64.85526195
Female,66.79146278
Female,64.59743454
Female,63.27983517
Female,58.96004039
Female,63.82603844
Female,63.00806713
Female,67.71448082
Female,70.65445541
Female,65.50272429
Female,66.19928328
Female,66.32396557
Female,61.35009174
Female,57.80732285
Female,61.91518372
Female,58.58029014
Female,60.63443923
Female,63.42237037
Female,59.75994823
Female,68.09092787
Female,65.63104779
Female,69.78833269
Female,61.50120748
Female,69.22269727
Female,68.02228235
Female,60.68616746
Female,62.15775128
Female,61.43203851
Female,63.26152655
Female,63.2508978
Female,66.39487563
Female,68.71741965
Female,64.79581668
Female,64.04509045
Female,60.51843955
Female,61.2063036
Female,66.65218845
Female,65.80002802
Female,68.68723219
Female,65.53155383
Female,61.81765527
Female,65.48360618
Female,63.78490948
Female,67.26074844
Female,62.62197768
Female,63.65396413
Female,63.49126942
Female,66.33765762
Female,64.02695976
Female,64.74866445
Female,70.22082875
Female,61.76592246
Female,65.29601576
Female,67.43101095
Female,60.44739666
Female,62.95453353
Female,59.34485488
Female,62.66586099
Female,59.32763718
Female,64.56679838
Female,69.18681112
Female,64.37410268
Female,63.9399261
Female,64.26913712
Female,63.17408886
Female,68.36543847
Female,61.60178953
Female,60.44454681
Female,62.61769
Female,64.50565391
Female,66.17911136
Female,66.3200806
Female,62.50136418
Female,62.67538949
Female,61.59336217
Female,64.68020759
Female,63.55635371
Female,63.46261983
Female,66.0386898
Female,64.89448534
Female,64.80668583
Female,64.15913444
Female,59.34000726
Female,60.84274036
Female,64.08940647
Female,65.19325355
Female,66.05547263
Female,62.55949471
Female,64.64085695
Female,59.30400667
Female,64.83144937
Female,61.98487259
Female,59.5883951
Female,66.17809104
Female,60.92179087
Female,65.9122174
Female,66.62454419
Female,65.91364224
Female,69.43688968
Female,61.11887036
Female,59.52878826
Female,66.33233514
Female,62.07171519
Female,67.38506486
Female,59.70748466
Female,62.02735749
Female,65.96801895
Female,64.83209799
Female,57.65488503
Female,67.53917353
Female,61.73773496
Female,62.63831558
Female,64.83135951
Female,65.24244306
Female,65.11387613
Female,63.01617308
Female,60.16802328
Female,60.28059756
Female,62.7029884
Female,67.26012397
Female,61.46870338
Female,65.94966102
Female,65.204446
Female,69.12915563
Female,64.8180778
Female,63.38180751
Female,60.8084237
Female,61.92104846
Female,66.83503172
Female,61.56931596
Female,65.65054028
Female,67.9688974
Female,62.71365237
Female,61.15698001
Female,65.79854427
Female,69.64038156
Female,64.7447821
Female,63.1819005
Female,62.49095754
Female,66.53339272
Female,61.52060853
Female,66.1276369
Female,62.81038757
Female,59.69301635
Female,65.08416738
Female,61.70557579
Female,70.33753433
Female,64.56167877
Female,62.67520824
Female,60.01386373
Female,62.57079146
Female,61.74570143
Female,60.50332654
Female,64.94103088
Female,61.19004885
Female,62.7748174
Female,59.84744636
Female,63.18299018
Female,67.19076332
Female,61.08432705
Female,62.76313493
Female,65.80312526
Female,61.96795585
Female,64.42536943
Female,59.10419563
Female,63.51649975
Female,64.5392602
Female,59.76136964
Female,61.96417378
Female,63.34214998
Female,66.34693509
Female,65.44862886
Female,60.57806288
Female,60.93869849
Female,63.05900916
Female,65.40302573
Female,60.58644675
Female,60.0052569
Female,58.43126896
Female,57.27014705
Female,60.76509346
Female,58.52542646
Female,56.54884308
Female,60.03728766
Female,63.22190719
Female,67.14920636
Female,60.63160012
Female,62.98589755
Female,64.84645942
Female,62.32308708
Female,62.33662335
Female,63.86336181
Female,62.7047902
Female,61.38949064
Female,64.24110901
Female,67.83639708
Female,63.58027647
Female,64.71270575
Female,62.02647968
Female,65.013435
Female,66.48189529
Female,64.17734256
Female,66.25260405
Female,61.09578942
Female,57.74019191
Female,64.78293904
Female,64.68347123
Female,59.54889462
Female,60.34078108
Female,62.64635228
Female,64.87792681
Female,66.83548862
Female,60.33197203
Female,60.32074111
Female,64.31050918
Female,64.39336637
Female,59.06170264
Female,61.465306
Female,61.64898685
Female,65.96541528
Female,63.97580043
Female,60.07624076
Female,59.922162
Female,65.79992246
Female,63.36900376
Female,67.78378028
Female,59.04702854
Female,67.28135824
Female,62.41797314
Female,65.37108955
Female,66.92154402
Female,66.05447296
Female,57.69949207
Female,62.33786245
Female,65.74860119
Female,60.45190618
Female,66.15135541
Female,63.88887982
Female,66.03555149
Female,67.89810564
Female,60.65521774
Female,59.16960398
Female,57.83091908
Female,62.40926436
Female,65.8810596
Female,69.11929182
Female,62.55458366
Female,66.78882199
Female,63.65251365
Female,66.69229749
Female,64.29921744
Female,61.77436603
Female,61.57409451
Female,65.02284052
Female,65.4601014
Female,64.00174586
Female,65.98761029
Female,63.78511722
Female,64.59837613
Female,62.52347151
Female,66.59513683
Female,64.6087149
Female,66.84758482
Female,62.50449688
Female,67.37359659
Female,62.95527375
Female,56.97513323
Female,61.224458
Female,59.76169612
Female,60.39879478
Female,62.07039642
Female,64.60391582
Female,59.60563161
Female,65.34376918
Female,62.07120211
Female,62.16860399
Female,61.97212119
Female,61.16306528
Female,61.8665605
Female,63.68428028
Female,60.12149408
Female,65.07411934
Female,68.20238461
Female,65.17267686
Female,63.86336604
Female,60.25280691
Female,62.23311401
Female,59.77645519
Female,59.43615128
Female,60.44224974
Female,65.95686472
Female,60.16166919
Female,67.16781977
Female,67.00855387
Female,57.31390274
Female,63.46531297
Female,62.63920505
Female,61.86273334
Female,65.03782648
Female,68.17319743
Female,63.13886174
Female,64.82696014
Female,64.86338592
Female,59.18173123
Female,60.19489695
Female,62.57068195
Female,58.72221941
Female,64.6340413
Female,61.83481717
Female,63.78824595
Female,63.30953931
Female,64.40218001
Female,61.40597855
Female,66.0049986
Female,62.59475897
Female,66.07387009
Female,66.25825803
Female,69.63593115
Female,63.4440555
Female,64.1303411
Female,63.76697514
Female,64.22024344
Female,64.83094264
Female,64.98580984
Female,63.62695788
Female,66.67801663
Female,61.62638654
Female,63.35510222
Female,62.23493884
Female,62.09718425
Female,61.65177189
Female,64.51847301
Female,68.13772331
Female,61.64664118
Female,61.49434224
Female,63.28198785
Female,67.42333944
Female,63.77318581
Female,64.83953088
Female,66.2065977
Female,63.46410923
Female,64.58779507
Female,66.7224388
Female,63.38473292
Female,65.95375622
Female,66.69905375
Female,62.28511401
Female,64.48516473
Female,64.50224544
Female,61.89055931
Female,57.14819808
Female,61.89365652
Female,65.53508718
Female,58.75737097
Female,60.82211814
Female,66.14845885
Female,59.0832025
Female,63.67416711
Female,64.15349224
Female,62.29934049
Female,63.57610108
Female,62.64491237
Female,65.04316495
Female,60.85088181
Female,62.15897149
Female,66.21328564
Female,63.82306248
Female,64.96709452
Female,64.76214735
Female,65.45487455
Female,58.77940733
Female,61.97932391
Female,69.61980602
Female,64.25475995
Female,61.14634414
Female,64.39091597
Female,63.69613543
Female,61.36405241
Female,62.69927767
Female,65.42024381
Female,65.62590313
Female,60.56117991
Female,59.40106299
Female,64.93464296
Female,61.14359949
Female,66.53752819
Female,62.94800025
Female,59.54661182
Female,58.64632986
Female,64.03527896
Female,66.08468413
Female,59.99780556
Female,68.05983891
Female,67.38710426
Female,64.75627991
Female,66.23687096
Female,63.29022369
Female,63.88119651
Female,63.49964734
Female,65.48405277
Female,60.03556122
Female,66.42211677
Female,64.29586199
Female,67.11593487
Female,63.90564697
Female,62.78952408
Female,61.45626213
Female,66.58673591
Female,63.98514069
Female,65.16888741
Female,67.08776934
Female,60.58563771
Female,62.54948538
Female,60.67078447
Female,55.66820212
Female,62.38553415
Female,60.83423839
Female,64.74364313
Female,68.50493009
Female,63.88280405
Female,64.53704804
Female,59.50295917
Female,61.50842888
Female,62.24220844
Female,63.34998793
Female,67.20763092
Female,63.42264679
Female,58.83909388
Female,67.55240408
Female,64.19308177
Female,63.020299
Female,68.21106634
Female,65.17926277
Female,63.80552841
Female,66.32521562
Female,64.85997324
Female,65.63060331
Female,63.7929135
Female,68.78656612
Female,61.21316929
Female,64.74465538
Female,66.18553813
Female,65.27042687
Female,62.81735396
Female,65.67280001
Female,64.56262712
Female,67.46067553
Female,60.69341088
Female,64.67312181
Female,66.00168521
Female,63.22901952
Female,64.46942285
Female,70.4231298
Female,57.99557143
Female,65.88076207
Female,67.52510042
Female,69.80908712
Female,63.81484661
Female,60.91802524
Female,63.9097591
Female,63.56876019
Female,63.18396275
Female,61.66643509
Female,66.13906036
Female,58.51016063
Female,61.4524106
Female,64.24082372
Female,64.49339476
Female,63.51015102
Female,59.47781849
Female,60.66682247
Female,64.80349342
Female,65.19712565
Female,60.95754176
Female,61.79265733
Female,67.38368786
Female,66.06276486
Female,60.27626216
Female,68.2692742
Female,66.79942244
Female,61.11349802
Female,73.38958587
Female,63.24664131
Female,64.40228139
Female,61.12472659
Female,65.94265808
Female,60.90196308
Female,64.44349555
Female,62.67826545
Female,63.71703402
Female,61.41293594
Female,60.09128734
Female,69.24769691
Female,57.64752149
Female,60.70979338
Female,64.64221807
Female,67.61251396
Female,63.03468565
Female,65.80484728
Female,67.67446319
Female,64.29528413
Female,65.66604739
Female,66.01483354
Female,62.21139891
Female,63.19234989
Female,65.74202412
Female,62.63584402
Female,65.86186891
Female,65.12919103
Female,66.28744226
Female,65.2878094
Female,64.65917931
Female,65.9919773
Female,63.11083286
Female,63.37809881
Female,62.48803585
Female,62.98919869
Female,61.80386388
Female,68.8502596
Female,65.0422212
Female,62.80833111
Female,62.92547551
Female,67.34269071
Female,66.52949335
Female,72.26474828
Female,62.11751221
Female,64.18745727
Female,61.00854419
Female,58.70723577
Female,65.70001271
Female,62.48569113
Female,60.29870126
Female,66.33766058
Female,62.65704009
Female,60.91002427
Female,58.55851252
Female,68.13961118
Female,65.002512
Female,63.14843735
Female,69.59810682
Female,65.75280953
Female,63.83449077
Female,64.57439511
Female,60.19133042
Female,60.60301012
Female,66.66262718
Female,66.31384436
Female,66.22232873
Female,60.48394565
Female,60.23998603
Female,62.23427754
Female,56.78938641
Female,63.30601816
Female,62.00807715
Female,62.71921297
Female,60.13284892
Female,61.19944881
Female,65.30476865
Female,62.44275713
Female,63.11405431
Female,67.59958557
Female,61.49888657
Female,63.39787216
Female,63.93936353
Female,63.25474663
Female,65.28494604
Female,64.28518164
Female,66.81934804
Female,59.46425906
Female,64.94583725
Female,62.85044925
Female,66.79059191
Female,61.89569345
Female,60.9161961
Female,65.65827642
Female,63.37462007
Female,62.09985424
Female,60.4571772
Female,69.2467637
Female,62.56500845
Female,61.18625903
Female,66.17221233
Female,62.31153318
Female,65.4259315
Female,62.35772695
Female,61.83884186
Female,62.89459879
Female,60.88487337
Female,63.61120654
Female,61.62233519
Female,63.98645568
Female,63.16673849
Female,64.06072083
Female,62.27937546
Female,62.86579025
Female,66.40655275
Female,65.54153881
Female,60.69473641
Female,63.41116968
Female,63.79603237
Female,61.13064492
Female,61.94678271
Female,58.91073204
Female,57.55275371
Female,61.43533152
Female,63.72253977
Female,60.86159962
Female,70.66486477
Female,63.80948265
Female,63.35101023
Female,62.83091941
Female,61.53011039
Female,66.68250215
Female,66.53239202
Female,61.51650697
Female,62.80619937
Female,64.37891187
Female,68.44056676
Female,64.17375789
Female,63.45654699
Female,64.8021888
Female,66.95646861
Female,63.76141993
Female,64.64261274
Female,65.10961448
Female,62.96969372
Female,63.81881928
Female,58.42523254
Female,64.15040274
Female,62.36929577
Female,61.29236298
Female,61.53528697
